question_id,answer_id,country_code,score
q01,a,FR,4
q01,b,FR,1
q01,c,FR,0
q01,d,FR,-1
q01,e,FR,-2
q02,a,FR,5
q02,b,FR,3
q02,c,FR,1
q02,d,FR,-1
q03,a,FR,5
q03,b,FR,4
q03,c,FR,1
q03,d,FR,2
q03,e,FR,-2
q04,a,FR,2
q04,b,FR,5
q04,c,FR,0
q04,d,FR,1
q04,e,FR,3
q04,f,FR,-1
q05,a,FR,-1
q05,b,FR,3
q05,c,FR,4
q05,d,FR,1
q05,e,FR,0
q05,f,FR,-3
q06,a,FR,1
q06,b,FR,2
q06,c,FR,3
q06,d,FR,1
q07,a,FR,0
q07,b,FR,0
q07,c,FR,-2
q07,d,FR,1
q07,e,FR,1
q07,f,FR,0
q08,a,FR,-2
q08,b,FR,1
q08,c,FR,2
q08,d,FR,5
q08,e,FR,-1
q09,a,FR,1
q09,b,FR,1
q09,c,FR,3
q09,d,FR,2
q09,e,FR,4
q10,a,FR,0
q10,b,FR,2
q10,c,FR,4
q10,d,FR,3
q11,a,FR,0
q11,b,FR,2
q11,c,FR,1
q11,d,FR,1
q11,e,FR,-1
q12,a,FR,2
q12,b,FR,1
q12,c,FR,3
q12,d,FR,5
q13,a,FR,2
q13,b,FR,3
q13,c,FR,5
q13,d,FR,1
q14,a,FR,-2
q14,b,FR,3
q14,c,FR,5
q15,a,FR,5
q15,b,FR,-3
q01,a,CN,3
q01,b,CN,2
q01,c,CN,1
q01,d,CN,0
q01,e,CN,-1
q02,a,CN,5
q02,b,CN,3
q02,c,CN,1
q02,d,CN,-1
q03,a,CN,5
q03,b,CN,4
q03,c,CN,0
q03,d,CN,1
q03,e,CN,-2
q04,a,CN,1
q04,b,CN,2
q04,c,CN,0
q04,d,CN,2
q04,e,CN,3
q04,f,CN,4
q05,a,CN,-1
q05,b,CN,1
q05,c,CN,2
q05,d,CN,5
q05,e,CN,0
q05,f,CN,-2
q06,a,CN,0
q06,b,CN,1
q06,c,CN,2
q06,d,CN,0
q07,a,CN,1
q07,b,CN,1
q07,c,CN,3
q07,d,CN,2
q07,e,CN,2
q07,f,CN,1
q08,a,CN,-2
q08,b,CN,0
q08,c,CN,3
q08,d,CN,1
q08,e,CN,-1
q09,a,CN,1
q09,b,CN,0
q09,c,CN,4
q09,d,CN,2
q09,e,CN,3
q10,a,CN,1
q10,b,CN,1
q10,c,CN,3
q10,d,CN,2
q11,a,CN,0
q11,b,CN,1
q11,c,CN,0
q11,d,CN,4
q11,e,CN,2
q12,a,CN,4
q12,b,CN,1
q12,c,CN,3
q12,d,CN,2
q13,a,CN,1
q13,b,CN,3
q13,c,CN,2
q13,d,CN,0
q14,a,CN,-2
q14,b,CN,4
q14,c,CN,1
q15,a,CN,5
q15,b,CN,-2
q01,a,GB,5
q01,b,GB,1
q01,c,GB,0
q01,d,GB,-1
q01,e,GB,-2
q02,a,GB,5
q02,b,GB,3
q02,c,GB,1
q02,d,GB,-1
q03,a,GB,5
q03,b,GB,5
q03,c,GB,1
q03,d,GB,2
q03,e,GB,-2
q04,a,GB,2
q04,b,GB,3
q04,c,GB,0
q04,d,GB,1
q04,e,GB,3
q04,f,GB,-1
q05,a,GB,-1
q05,b,GB,5
q05,c,GB,2
q05,d,GB,1
q05,e,GB,0
q05,f,GB,-3
q06,a,GB,1
q06,b,GB,2
q06,c,GB,4
q06,d,GB,1
q07,a,GB,0
q07,b,GB,0
q07,c,GB,-2
q07,d,GB,1
q07,e,GB,1
q07,f,GB,0
q08,a,GB,-2
q08,b,GB,1
q08,c,GB,2
q08,d,GB,3
q08,e,GB,-1
q09,a,GB,1
q09,b,GB,1
q09,c,GB,3
q09,d,GB,2
q09,e,GB,4
q10,a,GB,0
q10,b,GB,2
q10,c,GB,4
q10,d,GB,3
q11,a,GB,0
q11,b,GB,2
q11,c,GB,1
q11,d,GB,1
q11,e,GB,-1
q12,a,GB,2
q12,b,GB,1
q12,c,GB,3
q12,d,GB,5
q13,a,GB,2
q13,b,GB,3
q13,c,GB,4
q13,d,GB,1
q14,a,GB,-2
q14,b,GB,3
q14,c,GB,4
q15,a,GB,5
q15,b,GB,-3
q01,a,DE,4
q01,b,DE,1
q01,c,DE,0
q01,d,DE,-1
q01,e,DE,-2
q02,a,DE,5
q02,b,DE,3
q02,c,DE,1
q02,d,DE,-1
q03,a,DE,5
q03,b,DE,4
q03,c,DE,3
q03,d,DE,2
q03,e,DE,-2
q04,a,DE,2
q04,b,DE,3
q04,c,DE,0
q04,d,DE,3
q04,e,DE,3
q04,f,DE,-1
q05,a,DE,-1
q05,b,DE,5
q05,c,DE,3
q05,d,DE,1
q05,e,DE,0
q05,f,DE,-3
q06,a,DE,1
q06,b,DE,3
q06,c,DE,3
q06,d,DE,1
q07,a,DE,0
q07,b,DE,0
q07,c,DE,-2
q07,d,DE,1
q07,e,DE,1
q07,f,DE,0
q08,a,DE,-2
q08,b,DE,2
q08,c,DE,2
q08,d,DE,4
q08,e,DE,-1
q09,a,DE,1
q09,b,DE,1
q09,c,DE,4
q09,d,DE,2
q09,e,DE,4
q10,a,DE,0
q10,b,DE,2
q10,c,DE,4
q10,d,DE,3
q11,a,DE,0
q11,b,DE,2
q11,c,DE,1
q11,d,DE,1
q11,e,DE,-1
q12,a,DE,3
q12,b,DE,1
q12,c,DE,3
q12,d,DE,5
q13,a,DE,2
q13,b,DE,3
q13,c,DE,4
q13,d,DE,1
q14,a,DE,-2
q14,b,DE,3
q14,c,DE,5
q15,a,DE,5
q15,b,DE,-3
q01,a,US,3
q01,b,US,2
q01,c,US,0
q01,d,US,-1
q01,e,US,-2
q02,a,US,5
q02,b,US,3
q02,c,US,1
q02,d,US,-1
q03,a,US,5
q03,b,US,4
q03,c,US,1
q03,d,US,2
q03,e,US,-2
q04,a,US,2
q04,b,US,2
q04,c,US,0
q04,d,US,1
q04,e,US,4
q04,f,US,-4
q05,a,US,2
q05,b,US,2
q05,c,US,2
q05,d,US,-1
q05,e,US,0
q05,f,US,-3
q06,a,US,1
q06,b,US,5
q06,c,US,3
q06,d,US,1
q07,a,US,0
q07,b,US,0
q07,c,US,-2
q07,d,US,1
q07,e,US,1
q07,f,US,0
q08,a,US,0
q08,b,US,3
q08,c,US,0
q08,d,US,2
q08,e,US,-1
q09,a,US,1
q09,b,US,1
q09,c,US,1
q09,d,US,2
q09,e,US,5
q10,a,US,0
q10,b,US,4
q10,c,US,4
q10,d,US,3
q11,a,US,0
q11,b,US,3
q11,c,US,1
q11,d,US,-2
q11,e,US,-1
q12,a,US,0
q12,b,US,1
q12,c,US,3
q12,d,US,5
q13,a,US,2
q13,b,US,3
q13,c,US,5
q13,d,US,3
q14,a,US,-2
q14,b,US,2
q14,c,US,3
q15,a,US,5
q15,b,US,-3
q01,a,NL,5
q01,b,NL,1
q01,c,NL,0
q01,d,NL,-1
q01,e,NL,-2
q02,a,NL,5
q02,b,NL,3
q02,c,NL,1
q02,d,NL,-1
q03,a,NL,5
q03,b,NL,5
q03,c,NL,1
q03,d,NL,2
q03,e,NL,-2
q04,a,NL,2
q04,b,NL,2
q04,c,NL,0
q04,d,NL,1
q04,e,NL,3
q04,f,NL,-1
q05,a,NL,-1
q05,b,NL,5
q05,c,NL,-1
q05,d,NL,1
q05,e,NL,0
q05,f,NL,-3
q06,a,NL,1
q06,b,NL,2
q06,c,NL,1
q06,d,NL,3
q07,a,NL,0
q07,b,NL,0
q07,c,NL,-2
q07,d,NL,1
q07,e,NL,1
q07,f,NL,0
q08,a,NL,-2
q08,b,NL,1
q08,c,NL,2
q08,d,NL,2
q08,e,NL,-1
q09,a,NL,1
q09,b,NL,1
q09,c,NL,3
q09,d,NL,2
q09,e,NL,5
q10,a,NL,0
q10,b,NL,2
q10,c,NL,4
q10,d,NL,3
q11,a,NL,0
q11,b,NL,2
q11,c,NL,1
q11,d,NL,1
q11,e,NL,-1
q12,a,NL,2
q12,b,NL,1
q12,c,NL,3
q12,d,NL,5
q13,a,NL,2
q13,b,NL,3
q13,c,NL,3
q13,d,NL,1
q14,a,NL,-2
q14,b,NL,3
q14,c,NL,4
q15,a,NL,5
q15,b,NL,-3
q01,a,CA,5
q01,b,CA,1
q01,c,CA,0
q01,d,CA,-1
q01,e,CA,-2
q02,a,CA,5
q02,b,CA,3
q02,c,CA,1
q02,d,CA,-1
q03,a,CA,5
q03,b,CA,5
q03,c,CA,2
q03,d,CA,2
q03,e,CA,-2
q04,a,CA,2
q04,b,CA,3
q04,c,CA,0
q04,d,CA,1
q04,e,CA,3
q04,f,CA,-1
q05,a,CA,1
q05,b,CA,2
q05,c,CA,3
q05,d,CA,1
q05,e,CA,0
q05,f,CA,-3
q06,a,CA,1
q06,b,CA,2
q06,c,CA,2
q06,d,CA,1
q07,a,CA,0
q07,b,CA,0
q07,c,CA,-2
q07,d,CA,1
q07,e,CA,1
q07,f,CA,0
q08,a,CA,-2
q08,b,CA,1
q08,c,CA,2
q08,d,CA,5
q08,e,CA,-1
q09,a,CA,1
q09,b,CA,1
q09,c,CA,4
q09,d,CA,2
q09,e,CA,4
q10,a,CA,0
q10,b,CA,2
q10,c,CA,5
q10,d,CA,3
q11,a,CA,0
q11,b,CA,2
q11,c,CA,1
q11,d,CA,1
q11,e,CA,-1
q12,a,CA,2
q12,b,CA,1
q12,c,CA,3
q12,d,CA,5
q13,a,CA,2
q13,b,CA,3
q13,c,CA,5
q13,d,CA,1
q14,a,CA,-2
q14,b,CA,3
q14,c,CA,5
q15,a,CA,5
q15,b,CA,-3
q01,a,IT,4
q01,b,IT,1
q01,c,IT,0
q01,d,IT,-1
q01,e,IT,-2
q02,a,IT,5
q02,b,IT,3
q02,c,IT,1
q02,d,IT,-1
q03,a,IT,5
q03,b,IT,4
q03,c,IT,1
q03,d,IT,2
q03,e,IT,-2
q04,a,IT,2
q04,b,IT,3
q04,c,IT,0
q04,d,IT,1
q04,e,IT,3
q04,f,IT,-1
q05,a,IT,-1
q05,b,IT,3
q05,c,IT,2
q05,d,IT,1
q05,e,IT,0
q05,f,IT,-3
q06,a,IT,1
q06,b,IT,2
q06,c,IT,3
q06,d,IT,1
q07,a,IT,0
q07,b,IT,0
q07,c,IT,-2
q07,d,IT,1
q07,e,IT,1
q07,f,IT,0
q08,a,IT,-2
q08,b,IT,1
q08,c,IT,3
q08,d,IT,3
q08,e,IT,-1
q09,a,IT,1
q09,b,IT,1
q09,c,IT,5
q09,d,IT,2
q09,e,IT,4
q10,a,IT,0
q10,b,IT,2
q10,c,IT,5
q10,d,IT,3
q11,a,IT,0
q11,b,IT,2
q11,c,IT,1
q11,d,IT,1
q11,e,IT,-1
q12,a,IT,2
q12,b,IT,1
q12,c,IT,3
q12,d,IT,5
q13,a,IT,4
q13,b,IT,3
q13,c,IT,4
q13,d,IT,1
q14,a,IT,-2
q14,b,IT,4
q14,c,IT,4
q15,a,IT,5
q15,b,IT,-3
q01,a,LI,4
q01,b,LI,1
q01,c,LI,0
q01,d,LI,-1
q01,e,LI,-2
q02,a,LI,5
q02,b,LI,3
q02,c,LI,1
q02,d,LI,-1
q03,a,LI,2
q03,b,LI,2
q03,c,LI,3
q03,d,LI,2
q03,e,LI,1
q04,a,LI,2
q04,b,LI,3
q04,c,LI,0
q04,d,LI,3
q04,e,LI,3
q04,f,LI,1
q05,a,LI,-1
q05,b,LI,3
q05,c,LI,3
q05,d,LI,1
q05,e,LI,0
q05,f,LI,0
q06,a,LI,1
q06,b,LI,3
q06,c,LI,3
q06,d,LI,1
q07,a,LI,0
q07,b,LI,0
q07,c,LI,-2
q07,d,LI,1
q07,e,LI,1
q07,f,LI,0
q08,a,LI,-2
q08,b,LI,2
q08,c,LI,2
q08,d,LI,4
q08,e,LI,1
q09,a,LI,1
q09,b,LI,1
q09,c,LI,4
q09,d,LI,2
q09,e,LI,5
q10,a,LI,0
q10,b,LI,2
q10,c,LI,4
q10,d,LI,3
q11,a,LI,0
q11,b,LI,2
q11,c,LI,1
q11,d,LI,1
q11,e,LI,1
q12,a,LI,3
q12,b,LI,1
q12,c,LI,3
q12,d,LI,5
q13,a,LI,2
q13,b,LI,3
q13,c,LI,5
q13,d,LI,1
q14,a,LI,-2
q14,b,LI,3
q14,c,LI,5
q15,a,LI,5
q15,b,LI,-1
q01,a,ES,5
q01,b,ES,1
q01,c,ES,0
q01,d,ES,-1
q01,e,ES,-2
q02,a,ES,5
q02,b,ES,3
q02,c,ES,1
q02,d,ES,-1
q03,a,ES,5
q03,b,ES,5
q03,c,ES,1
q03,d,ES,2
q03,e,ES,-2
q04,a,ES,2
q04,b,ES,3
q04,c,ES,0
q04,d,ES,1
q04,e,ES,3
q04,f,ES,-1
q05,a,ES,-1
q05,b,ES,2
q05,c,ES,5
q05,d,ES,1
q05,e,ES,2
q05,f,ES,-3
q06,a,ES,1
q06,b,ES,2
q06,c,ES,3
q06,d,ES,1
q07,a,ES,0
q07,b,ES,0
q07,c,ES,-2
q07,d,ES,1
q07,e,ES,1
q07,f,ES,0
q08,a,ES,-2
q08,b,ES,1
q08,c,ES,2
q08,d,ES,3
q08,e,ES,-1
q09,a,ES,1
q09,b,ES,1
q09,c,ES,4
q09,d,ES,2
q09,e,ES,4
q10,a,ES,0
q10,b,ES,2
q10,c,ES,5
q10,d,ES,3
q11,a,ES,0
q11,b,ES,2
q11,c,ES,1
q11,d,ES,1
q11,e,ES,-1
q12,a,ES,2
q12,b,ES,1
q12,c,ES,3
q12,d,ES,5
q13,a,ES,2
q13,b,ES,3
q13,c,ES,5
q13,d,ES,1
q14,a,ES,-2
q14,b,ES,3
q14,c,ES,4
q15,a,ES,5
q15,b,ES,-3
q01,a,BR,4
q01,b,BR,1
q01,c,BR,0
q01,d,BR,-1
q01,e,BR,-2
q02,a,BR,5
q02,b,BR,3
q02,c,BR,1
q02,d,BR,-1
q03,a,BR,5
q03,b,BR,4
q03,c,BR,1
q03,d,BR,3
q03,e,BR,-2
q04,a,BR,4
q04,b,BR,3
q04,c,BR,0
q04,d,BR,1
q04,e,BR,3
q04,f,BR,-1
q05,a,BR,-1
q05,b,BR,3
q05,c,BR,4
q05,d,BR,1
q05,e,BR,2
q05,f,BR,-3
q06,a,BR,1
q06,b,BR,2
q06,c,BR,3
q06,d,BR,3
q07,a,BR,0
q07,b,BR,0
q07,c,BR,-2
q07,d,BR,1
q07,e,BR,1
q07,f,BR,0
q08,a,BR,-2
q08,b,BR,1
q08,c,BR,3
q08,d,BR,5
q08,e,BR,-1
q09,a,BR,1
q09,b,BR,1
q09,c,BR,3
q09,d,BR,2
q09,e,BR,4
q10,a,BR,0
q10,b,BR,3
q10,c,BR,4
q10,d,BR,3
q11,a,BR,0
q11,b,BR,2
q11,c,BR,1
q11,d,BR,1
q11,e,BR,-1
q12,a,BR,2
q12,b,BR,1
q12,c,BR,3
q12,d,BR,5
q13,a,BR,2
q13,b,BR,3
q13,c,BR,5
q13,d,BR,1
q14,a,BR,-2
q14,b,BR,3
q14,c,BR,5
q15,a,BR,5
q15,b,BR,-3
q01,a,IN,3
q01,b,IN,2
q01,c,IN,1
q01,d,IN,0
q01,e,IN,-1
q02,a,IN,5
q02,b,IN,3
q02,c,IN,1
q02,d,IN,-1
q03,a,IN,5
q03,b,IN,5
q03,c,IN,0
q03,d,IN,1
q03,e,IN,-2
q04,a,IN,1
q04,b,IN,2
q04,c,IN,0
q04,d,IN,3
q04,e,IN,3
q04,f,IN,4
q05,a,IN,-1
q05,b,IN,1
q05,c,IN,2
q05,d,IN,4
q05,e,IN,0
q05,f,IN,-2
q06,a,IN,0
q06,b,IN,1
q06,c,IN,2
q06,d,IN,0
q07,a,IN,1
q07,b,IN,1
q07,c,IN,3
q07,d,IN,2
q07,e,IN,2
q07,f,IN,1
q08,a,IN,-2
q08,b,IN,0
q08,c,IN,4
q08,d,IN,1
q08,e,IN,-1
q09,a,IN,1
q09,b,IN,0
q09,c,IN,4
q09,d,IN,2
q09,e,IN,3
q10,a,IN,1
q10,b,IN,1
q10,c,IN,3
q10,d,IN,2
q11,a,IN,0
q11,b,IN,1
q11,c,IN,0
q11,d,IN,3
q11,e,IN,2
q12,a,IN,4
q12,b,IN,1
q12,c,IN,3
q12,d,IN,2
q13,a,IN,1
q13,b,IN,3
q13,c,IN,2
q13,d,IN,0
q14,a,IN,-2
q14,b,IN,4
q14,c,IN,1
q15,a,IN,5
q15,b,IN,-2
q01,a,ID,3
q01,b,ID,2
q01,c,ID,1
q01,d,ID,2
q01,e,ID,-1
q02,a,ID,5
q02,b,ID,3
q02,c,ID,1
q02,d,ID,-1
q03,a,ID,5
q03,b,ID,4
q03,c,ID,0
q03,d,ID,1
q03,e,ID,-2
q04,a,ID,1
q04,b,ID,2
q04,c,ID,0
q04,d,ID,2
q04,e,ID,3
q04,f,ID,4
q05,a,ID,-1
q05,b,ID,1
q05,c,ID,2
q05,d,ID,4
q05,e,ID,0
q05,f,ID,-2
q06,a,ID,0
q06,b,ID,1
q06,c,ID,2
q06,d,ID,4
q07,a,ID,1
q07,b,ID,1
q07,c,ID,3
q07,d,ID,2
q07,e,ID,2
q07,f,ID,1
q08,a,ID,-2
q08,b,ID,0
q08,c,ID,2
q08,d,ID,1
q08,e,ID,-1
q09,a,ID,1
q09,b,ID,0
q09,c,ID,3
q09,d,ID,2
q09,e,ID,4
q10,a,ID,1
q10,b,ID,1
q10,c,ID,3
q10,d,ID,2
q11,a,ID,0
q11,b,ID,1
q11,c,ID,0
q11,d,ID,4
q11,e,ID,2
q12,a,ID,4
q12,b,ID,3
q12,c,ID,3
q12,d,ID,2
q13,a,ID,1
q13,b,ID,3
q13,c,ID,2
q13,d,ID,0
q14,a,ID,-2
q14,b,ID,4
q14,c,ID,1
q15,a,ID,5
q15,b,ID,-2
q01,a,IL,3
q01,b,IL,2
q01,c,IL,0
q01,d,IL,-1
q01,e,IL,-2
q02,a,IL,5
q02,b,IL,3
q02,c,IL,1
q02,d,IL,-1
q03,a,IL,5
q03,b,IL,2
q03,c,IL,1
q03,d,IL,2
q03,e,IL,-2
q04,a,IL,2
q04,b,IL,2
q04,c,IL,0
q04,d,IL,1
q04,e,IL,3
q04,f,IL,-4
q05,a,IL,2
q05,b,IL,2
q05,c,IL,2
q05,d,IL,3
q05,e,IL,0
q05,f,IL,-3
q06,a,IL,2
q06,b,IL,5
q06,c,IL,3
q06,d,IL,1
q07,a,IL,3
q07,b,IL,0
q07,c,IL,-2
q07,d,IL,1
q07,e,IL,1
q07,f,IL,0
q08,a,IL,0
q08,b,IL,3
q08,c,IL,0
q08,d,IL,2
q08,e,IL,-1
q09,a,IL,1
q09,b,IL,4
q09,c,IL,1
q09,d,IL,2
q09,e,IL,5
q10,a,IL,0
q10,b,IL,4
q10,c,IL,4
q10,d,IL,3
q11,a,IL,0
q11,b,IL,3
q11,c,IL,1
q11,d,IL,-2
q11,e,IL,-1
q12,a,IL,0
q12,b,IL,1
q12,c,IL,3
q12,d,IL,5
q13,a,IL,2
q13,b,IL,3
q13,c,IL,5
q13,d,IL,3
q14,a,IL,-2
q14,b,IL,2
q14,c,IL,3
q15,a,IL,5
q15,b,IL,-3
q01,a,MY,3
q01,b,MY,3
q01,c,MY,1
q01,d,MY,0
q01,e,MY,-1
q02,a,MY,5
q02,b,MY,3
q02,c,MY,1
q02,d,MY,-1
q03,a,MY,5
q03,b,MY,5
q03,c,MY,0
q03,d,MY,1
q03,e,MY,-2
q04,a,MY,1
q04,b,MY,2
q04,c,MY,0
q04,d,MY,2
q04,e,MY,3
q04,f,MY,4
q05,a,MY,-1
q05,b,MY,1
q05,c,MY,2
q05,d,MY,5
q05,e,MY,0
q05,f,MY,-2
q06,a,MY,0
q06,b,MY,1
q06,c,MY,2
q06,d,MY,0
q07,a,MY,1
q07,b,MY,1
q07,c,MY,3
q07,d,MY,2
q07,e,MY,2
q07,f,MY,1
q08,a,MY,-2
q08,b,MY,0
q08,c,MY,3
q08,d,MY,1
q08,e,MY,-1
q09,a,MY,1
q09,b,MY,0
q09,c,MY,4
q09,d,MY,2
q09,e,MY,3
q10,a,MY,1
q10,b,MY,1
q10,c,MY,3
q10,d,MY,2
q11,a,MY,0
q11,b,MY,2
q11,c,MY,0
q11,d,MY,4
q11,e,MY,2
q12,a,MY,4
q12,b,MY,1
q12,c,MY,3
q12,d,MY,2
q13,a,MY,1
q13,b,MY,3
q13,c,MY,2
q13,d,MY,0
q14,a,MY,-2
q14,b,MY,4
q14,c,MY,1
q15,a,MY,5
q15,b,MY,-2
q01,a,NG,4
q01,b,NG,1
q01,c,NG,0
q01,d,NG,-1
q01,e,NG,-2
q02,a,NG,5
q02,b,NG,3
q02,c,NG,1
q02,d,NG,-1
q03,a,NG,5
q03,b,NG,4
q03,c,NG,1
q03,d,NG,3
q03,e,NG,-2
q04,a,NG,4
q04,b,NG,5
q04,c,NG,0
q04,d,NG,1
q04,e,NG,3
q04,f,NG,-1
q05,a,NG,-1
q05,b,NG,3
q05,c,NG,4
q05,d,NG,1
q05,e,NG,0
q05,f,NG,-3
q06,a,NG,1
q06,b,NG,4
q06,c,NG,3
q06,d,NG,1
q07,a,NG,0
q07,b,NG,0
q07,c,NG,-2
q07,d,NG,1
q07,e,NG,1
q07,f,NG,0
q08,a,NG,-2
q08,b,NG,1
q08,c,NG,2
q08,d,NG,5
q08,e,NG,-1
q09,a,NG,1
q09,b,NG,1
q09,c,NG,3
q09,d,NG,2
q09,e,NG,4
q10,a,NG,0
q10,b,NG,2
q10,c,NG,4
q10,d,NG,3
q11,a,NG,0
q11,b,NG,4
q11,c,NG,1
q11,d,NG,1
q11,e,NG,-1
q12,a,NG,2
q12,b,NG,1
q12,c,NG,3
q12,d,NG,5
q13,a,NG,2
q13,b,NG,3
q13,c,NG,5
q13,d,NG,1
q14,a,NG,-2
q14,b,NG,3
q14,c,NG,5
q15,a,NG,5
q15,b,NG,-3
q01,a,PT,4
q01,b,PT,1
q01,c,PT,0
q01,d,PT,-1
q01,e,PT,-2
q02,a,PT,5
q02,b,PT,3
q02,c,PT,1
q02,d,PT,-1
q03,a,PT,5
q03,b,PT,5
q03,c,PT,1
q03,d,PT,2
q03,e,PT,-2
q04,a,PT,2
q04,b,PT,3
q04,c,PT,0
q04,d,PT,1
q04,e,PT,3
q04,f,PT,-1
q05,a,PT,-1
q05,b,PT,3
q05,c,PT,4
q05,d,PT,1
q05,e,PT,-1
q05,f,PT,-3
q06,a,PT,1
q06,b,PT,2
q06,c,PT,3
q06,d,PT,1
q07,a,PT,0
q07,b,PT,0
q07,c,PT,-2
q07,d,PT,1
q07,e,PT,1
q07,f,PT,0
q08,a,PT,-2
q08,b,PT,1
q08,c,PT,4
q08,d,PT,5
q08,e,PT,-1
q09,a,PT,1
q09,b,PT,1
q09,c,PT,5
q09,d,PT,2
q09,e,PT,4
q10,a,PT,0
q10,b,PT,2
q10,c,PT,4
q10,d,PT,3
q11,a,PT,0
q11,b,PT,2
q11,c,PT,1
q11,d,PT,1
q11,e,PT,-1
q12,a,PT,2
q12,b,PT,1
q12,c,PT,3
q12,d,PT,5
q13,a,PT,2
q13,b,PT,3
q13,c,PT,5
q13,d,PT,1
q14,a,PT,-2
q14,b,PT,3
q14,c,PT,5
q15,a,PT,5
q15,b,PT,-3
q01,a,RU,4
q01,b,RU,1
q01,c,RU,0
q01,d,RU,-1
q01,e,RU,-2
q02,a,RU,5
q02,b,RU,3
q02,c,RU,1
q02,d,RU,-1
q03,a,RU,5
q03,b,RU,4
q03,c,RU,3
q03,d,RU,2
q03,e,RU,-2
q04,a,RU,4
q04,b,RU,3
q04,c,RU,0
q04,d,RU,3
q04,e,RU,5
q04,f,RU,-1
q05,a,RU,-1
q05,b,RU,5
q05,c,RU,3
q05,d,RU,1
q05,e,RU,0
q05,f,RU,-2
q06,a,RU,1
q06,b,RU,3
q06,c,RU,3
q06,d,RU,1
q07,a,RU,0
q07,b,RU,1
q07,c,RU,-2
q07,d,RU,1
q07,e,RU,1
q07,f,RU,0
q08,a,RU,-2
q08,b,RU,2
q08,c,RU,2
q08,d,RU,4
q08,e,RU,-1
q09,a,RU,1
q09,b,RU,1
q09,c,RU,4
q09,d,RU,2
q09,e,RU,4
q10,a,RU,0
q10,b,RU,2
q10,c,RU,4
q10,d,RU,3
q11,a,RU,0
q11,b,RU,2
q11,c,RU,1
q11,d,RU,1
q11,e,RU,-1
q12,a,RU,3
q12,b,RU,1
q12,c,RU,3
q12,d,RU,5
q13,a,RU,2
q13,b,RU,3
q13,c,RU,4
q13,d,RU,1
q14,a,RU,-2
q14,b,RU,3
q14,c,RU,5
q15,a,RU,5
q15,b,RU,-2
q01,a,ZA,5
q01,b,ZA,1
q01,c,ZA,0
q01,d,ZA,-1
q01,e,ZA,-2
q02,a,ZA,5
q02,b,ZA,3
q02,c,ZA,1
q02,d,ZA,-1
q03,a,ZA,5
q03,b,ZA,5
q03,c,ZA,1
q03,d,ZA,4
q03,e,ZA,-2
q04,a,ZA,2
q04,b,ZA,3
q04,c,ZA,0
q04,d,ZA,1
q04,e,ZA,4
q04,f,ZA,-1
q05,a,ZA,-1
q05,b,ZA,5
q05,c,ZA,4
q05,d,ZA,1
q05,e,ZA,0
q05,f,ZA,-3
q06,a,ZA,1
q06,b,ZA,5
q06,c,ZA,4
q06,d,ZA,1
q07,a,ZA,0
q07,b,ZA,0
q07,c,ZA,-2
q07,d,ZA,1
q07,e,ZA,1
q07,f,ZA,0
q08,a,ZA,-2
q08,b,ZA,1
q08,c,ZA,2
q08,d,ZA,3
q08,e,ZA,-1
q09,a,ZA,1
q09,b,ZA,1
q09,c,ZA,3
q09,d,ZA,2
q09,e,ZA,4
q10,a,ZA,0
q10,b,ZA,2
q10,c,ZA,4
q10,d,ZA,3
q11,a,ZA,0
q11,b,ZA,2
q11,c,ZA,1
q11,d,ZA,1
q11,e,ZA,-1
q12,a,ZA,2
q12,b,ZA,1
q12,c,ZA,3
q12,d,ZA,5
q13,a,ZA,2
q13,b,ZA,3
q13,c,ZA,4
q13,d,ZA,1
q14,a,ZA,-2
q14,b,ZA,3
q14,c,ZA,4
q15,a,ZA,5
q15,b,ZA,-3
q01,a,TR,4
q01,b,TR,1
q01,c,TR,0
q01,d,TR,-1
q01,e,TR,-2
q02,a,TR,5
q02,b,TR,3
q02,c,TR,1
q02,d,TR,-1
q03,a,TR,5
q03,b,TR,5
q03,c,TR,3
q03,d,TR,2
q03,e,TR,-2
q04,a,TR,2
q04,b,TR,3
q04,c,TR,0
q04,d,TR,3
q04,e,TR,3
q04,f,TR,-1
q05,a,TR,-1
q05,b,TR,3
q05,c,TR,3
q05,d,TR,3
q05,e,TR,0
q05,f,TR,-3
q06,a,TR,1
q06,b,TR,3
q06,c,TR,3
q06,d,TR,1
q07,a,TR,0
q07,b,TR,0
q07,c,TR,-2
q07,d,TR,2
q07,e,TR,1
q07,f,TR,0
q08,a,TR,-2
q08,b,TR,2
q08,c,TR,2
q08,d,TR,4
q08,e,TR,-1
q09,a,TR,1
q09,b,TR,1
q09,c,TR,4
q09,d,TR,2
q09,e,TR,4
q10,a,TR,0
q10,b,TR,2
q10,c,TR,4
q10,d,TR,4
q11,a,TR,0
q11,b,TR,2
q11,c,TR,1
q11,d,TR,1
q11,e,TR,-1
q12,a,TR,3
q12,b,TR,1
q12,c,TR,3
q12,d,TR,5
q13,a,TR,2
q13,b,TR,3
q13,c,TR,4
q13,d,TR,1
q14,a,TR,-2
q14,b,TR,3
q14,c,TR,5
q15,a,TR,5
q15,b,TR,-3
q01,a,AO,4
q01,b,AO,1
q01,c,AO,0
q01,d,AO,-1
q01,e,AO,-2
q02,a,AO,5
q02,b,AO,3
q02,c,AO,1
q02,d,AO,-1
q03,a,AO,5
q03,b,AO,4
q03,c,AO,1
q03,d,AO,3
q03,e,AO,-2
q04,a,AO,3
q04,b,AO,3
q04,c,AO,0
q04,d,AO,1
q04,e,AO,3
q04,f,AO,-1
q05,a,AO,-1
q05,b,AO,3
q05,c,AO,5
q05,d,AO,1
q05,e,AO,-1
q05,f,AO,-3
q06,a,AO,1
q06,b,AO,4
q06,c,AO,3
q06,d,AO,1
q07,a,AO,0
q07,b,AO,0
q07,c,AO,-2
q07,d,AO,2
q07,e,AO,1
q07,f,AO,0
q08,a,AO,-2
q08,b,AO,1
q08,c,AO,2
q08,d,AO,5
q08,e,AO,-1
q09,a,AO,1
q09,b,AO,1
q09,c,AO,3
q09,d,AO,2
q09,e,AO,4
q10,a,AO,0
q10,b,AO,2
q10,c,AO,4
q10,d,AO,3
q11,a,AO,0
q11,b,AO,4
q11,c,AO,1
q11,d,AO,1
q11,e,AO,-1
q12,a,AO,2
q12,b,AO,1
q12,c,AO,3
q12,d,AO,5
q13,a,AO,2
q13,b,AO,3
q13,c,AO,5
q13,d,AO,1
q14,a,AO,-2
q14,b,AO,3
q14,c,AO,5
q15,a,AO,5
q15,b,AO,-3
q01,a,AR,5
q01,b,AR,1
q01,c,AR,0
q01,d,AR,-1
q01,e,AR,-2
q02,a,AR,5
q02,b,AR,3
q02,c,AR,1
q02,d,AR,-1
q03,a,AR,5
q03,b,AR,5
q03,c,AR,1
q03,d,AR,3
q03,e,AR,-2
q04,a,AR,2
q04,b,AR,1
q04,c,AR,0
q04,d,AR,1
q04,e,AR,4
q04,f,AR,-1
q05,a,AR,-1
q05,b,AR,2
q05,c,AR,4
q05,d,AR,1
q05,e,AR,3
q05,f,AR,-3
q06,a,AR,1
q06,b,AR,2
q06,c,AR,3
q06,d,AR,2
q07,a,AR,0
q07,b,AR,0
q07,c,AR,-2
q07,d,AR,1
q07,e,AR,1
q07,f,AR,0
q08,a,AR,-2
q08,b,AR,1
q08,c,AR,2
q08,d,AR,3
q08,e,AR,-1
q09,a,AR,1
q09,b,AR,1
q09,c,AR,4
q09,d,AR,2
q09,e,AR,4
q10,a,AR,0
q10,b,AR,2
q10,c,AR,5
q10,d,AR,3
q11,a,AR,0
q11,b,AR,3
q11,c,AR,1
q11,d,AR,1
q11,e,AR,-1
q12,a,AR,2
q12,b,AR,1
q12,c,AR,3
q12,d,AR,5
q13,a,AR,2
q13,b,AR,3
q13,c,AR,5
q13,d,AR,1
q14,a,AR,-2
q14,b,AR,3
q14,c,AR,4
q15,a,AR,5
q15,b,AR,-3
q01,a,AU,5
q01,b,AU,1
q01,c,AU,0
q01,d,AU,-1
q01,e,AU,-2
q02,a,AU,5
q02,b,AU,3
q02,c,AU,1
q02,d,AU,-1
q03,a,AU,5
q03,b,AU,5
q03,c,AU,1
q03,d,AU,2
q03,e,AU,-2
q04,a,AU,2
q04,b,AU,2
q04,c,AU,0
q04,d,AU,1
q04,e,AU,3
q04,f,AU,-1
q05,a,AU,-1
q05,b,AU,3
q05,c,AU,2
q05,d,AU,1
q05,e,AU,0
q05,f,AU,0
q06,a,AU,1
q06,b,AU,2
q06,c,AU,4
q06,d,AU,1
q07,a,AU,0
q07,b,AU,0
q07,c,AU,-2
q07,d,AU,1
q07,e,AU,1
q07,f,AU,0
q08,a,AU,-2
q08,b,AU,1
q08,c,AU,2
q08,d,AU,3
q08,e,AU,-1
q09,a,AU,1
q09,b,AU,1
q09,c,AU,4
q09,d,AU,2
q09,e,AU,4
q10,a,AU,0
q10,b,AU,2
q10,c,AU,4
q10,d,AU,3
q11,a,AU,0
q11,b,AU,2
q11,c,AU,1
q11,d,AU,1
q11,e,AU,-1
q12,a,AU,2
q12,b,AU,1
q12,c,AU,3
q12,d,AU,5
q13,a,AU,2
q13,b,AU,3
q13,c,AU,4
q13,d,AU,1
q14,a,AU,-2
q14,b,AU,3
q14,c,AU,4
q15,a,AU,5
q15,b,AU,-3
q01,a,AT,4
q01,b,AT,1
q01,c,AT,0
q01,d,AT,-1
q01,e,AT,-2
q02,a,AT,5
q02,b,AT,3
q02,c,AT,1
q02,d,AT,-1
q03,a,AT,5
q03,b,AT,5
q03,c,AT,2
q03,d,AT,2
q03,e,AT,-2
q04,a,AT,2
q04,b,AT,2
q04,c,AT,0
q04,d,AT,3
q04,e,AT,3
q04,f,AT,-1
q05,a,AT,-1
q05,b,AT,5
q05,c,AT,3
q05,d,AT,1
q05,e,AT,0
q05,f,AT,-3
q06,a,AT,1
q06,b,AT,3
q06,c,AT,3
q06,d,AT,1
q07,a,AT,0
q07,b,AT,0
q07,c,AT,-2
q07,d,AT,1
q07,e,AT,1
q07,f,AT,0
q08,a,AT,-2
q08,b,AT,2
q08,c,AT,2
q08,d,AT,4
q08,e,AT,-1
q09,a,AT,1
q09,b,AT,1
q09,c,AT,4
q09,d,AT,2
q09,e,AT,4
q10,a,AT,0
q10,b,AT,2
q10,c,AT,4
q10,d,AT,3
q11,a,AT,0
q11,b,AT,2
q11,c,AT,1
q11,d,AT,1
q11,e,AT,1
q12,a,AT,3
q12,b,AT,1
q12,c,AT,3
q12,d,AT,5
q13,a,AT,2
q13,b,AT,3
q13,c,AT,4
q13,d,AT,1
q14,a,AT,-2
q14,b,AT,3
q14,c,AT,5
q15,a,AT,5
q15,b,AT,-3
q01,a,BG,4
q01,b,BG,1
q01,c,BG,0
q01,d,BG,-1
q01,e,BG,-2
q02,a,BG,5
q02,b,BG,3
q02,c,BG,1
q02,d,BG,-1
q03,a,BG,5
q03,b,BG,4
q03,c,BG,3
q03,d,BG,2
q03,e,BG,-2
q04,a,BG,3
q04,b,BG,1
q04,c,BG,0
q04,d,BG,3
q04,e,BG,3
q04,f,BG,-1
q05,a,BG,-1
q05,b,BG,5
q05,c,BG,3
q05,d,BG,1
q05,e,BG,0
q05,f,BG,-4
q06,a,BG,1
q06,b,BG,3
q06,c,BG,4
q06,d,BG,1
q07,a,BG,0
q07,b,BG,0
q07,c,BG,-2
q07,d,BG,1
q07,e,BG,1
q07,f,BG,0
q08,a,BG,-2
q08,b,BG,2
q08,c,BG,2
q08,d,BG,4
q08,e,BG,-1
q09,a,BG,1
q09,b,BG,1
q09,c,BG,4
q09,d,BG,2
q09,e,BG,4
q10,a,BG,0
q10,b,BG,2
q10,c,BG,4
q10,d,BG,3
q11,a,BG,0
q11,b,BG,4
q11,c,BG,1
q11,d,BG,1
q11,e,BG,-1
q12,a,BG,3
q12,b,BG,1
q12,c,BG,3
q12,d,BG,5
q13,a,BG,2
q13,b,BG,3
q13,c,BG,4
q13,d,BG,1
q14,a,BG,-2
q14,b,BG,3
q14,c,BG,5
q15,a,BG,5
q15,b,BG,-3
q01,a,KH,3
q01,b,KH,2
q01,c,KH,1
q01,d,KH,1
q01,e,KH,-1
q02,a,KH,5
q02,b,KH,3
q02,c,KH,1
q02,d,KH,-1
q03,a,KH,5
q03,b,KH,4
q03,c,KH,0
q03,d,KH,1
q03,e,KH,-2
q04,a,KH,1
q04,b,KH,2
q04,c,KH,0
q04,d,KH,2
q04,e,KH,3
q04,f,KH,4
q05,a,KH,-1
q05,b,KH,1
q05,c,KH,1
q05,d,KH,4
q05,e,KH,0
q05,f,KH,-2
q06,a,KH,0
q06,b,KH,1
q06,c,KH,2
q06,d,KH,5
q07,a,KH,1
q07,b,KH,1
q07,c,KH,3
q07,d,KH,2
q07,e,KH,2
q07,f,KH,1
q08,a,KH,-2
q08,b,KH,0
q08,c,KH,2
q08,d,KH,1
q08,e,KH,-1
q09,a,KH,1
q09,b,KH,0
q09,c,KH,3
q09,d,KH,2
q09,e,KH,4
q10,a,KH,1
q10,b,KH,1
q10,c,KH,3
q10,d,KH,2
q11,a,KH,0
q11,b,KH,4
q11,c,KH,0
q11,d,KH,4
q11,e,KH,2
q12,a,KH,4
q12,b,KH,3
q12,c,KH,3
q12,d,KH,2
q13,a,KH,1
q13,b,KH,3
q13,c,KH,2
q13,d,KH,0
q14,a,KH,-2
q14,b,KH,4
q14,c,KH,1
q15,a,KH,5
q15,b,KH,-2
q01,a,CL,5
q01,b,CL,1
q01,c,CL,0
q01,d,CL,-1
q01,e,CL,-2
q02,a,CL,5
q02,b,CL,3
q02,c,CL,1
q02,d,CL,-1
q03,a,CL,5
q03,b,CL,5
q03,c,CL,1
q03,d,CL,2
q03,e,CL,-2
q04,a,CL,2
q04,b,CL,1
q04,c,CL,0
q04,d,CL,1
q04,e,CL,4
q04,f,CL,-1
q05,a,CL,1
q05,b,CL,2
q05,c,CL,3
q05,d,CL,1
q05,e,CL,3
q05,f,CL,-3
q06,a,CL,1
q06,b,CL,2
q06,c,CL,3
q06,d,CL,2
q07,a,CL,0
q07,b,CL,0
q07,c,CL,-2
q07,d,CL,1
q07,e,CL,1
q07,f,CL,0
q08,a,CL,-2
q08,b,CL,1
q08,c,CL,2
q08,d,CL,3
q08,e,CL,-1
q09,a,CL,1
q09,b,CL,1
q09,c,CL,4
q09,d,CL,2
q09,e,CL,4
q10,a,CL,0
q10,b,CL,2
q10,c,CL,5
q10,d,CL,3
q11,a,CL,0
q11,b,CL,4
q11,c,CL,1
q11,d,CL,1
q11,e,CL,-1
q12,a,CL,2
q12,b,CL,1
q12,c,CL,3
q12,d,CL,5
q13,a,CL,2
q13,b,CL,3
q13,c,CL,5
q13,d,CL,1
q14,a,CL,-2
q14,b,CL,3
q14,c,CL,4
q15,a,CL,5
q15,b,CL,-3
q01,a,CO,5
q01,b,CO,1
q01,c,CO,0
q01,d,CO,-1
q01,e,CO,-2
q02,a,CO,5
q02,b,CO,3
q02,c,CO,1
q02,d,CO,-1
q03,a,CO,5
q03,b,CO,5
q03,c,CO,1
q03,d,CO,2
q03,e,CO,-2
q04,a,CO,5
q04,b,CO,1
q04,c,CO,0
q04,d,CO,1
q04,e,CO,3
q04,f,CO,-1
q05,a,CO,-1
q05,b,CO,2
q05,c,CO,3
q05,d,CO,1
q05,e,CO,3
q05,f,CO,-3
q06,a,CO,1
q06,b,CO,2
q06,c,CO,3
q06,d,CO,2
q07,a,CO,0
q07,b,CO,0
q07,c,CO,-2
q07,d,CO,1
q07,e,CO,1
q07,f,CO,0
q08,a,CO,-2
q08,b,CO,1
q08,c,CO,3
q08,d,CO,3
q08,e,CO,-1
q09,a,CO,1
q09,b,CO,1
q09,c,CO,4
q09,d,CO,2
q09,e,CO,5
q10,a,CO,0
q10,b,CO,2
q10,c,CO,5
q10,d,CO,3
q11,a,CO,0
q11,b,CO,2
q11,c,CO,1
q11,d,CO,1
q11,e,CO,-1
q12,a,CO,2
q12,b,CO,1
q12,c,CO,3
q12,d,CO,5
q13,a,CO,2
q13,b,CO,3
q13,c,CO,5
q13,d,CO,1
q14,a,CO,-2
q14,b,CO,3
q14,c,CO,4
q15,a,CO,5
q15,b,CO,-3
q01,a,CZ,4
q01,b,CZ,1
q01,c,CZ,0
q01,d,CZ,-1
q01,e,CZ,-2
q02,a,CZ,5
q02,b,CZ,3
q02,c,CZ,1
q02,d,CZ,-1
q03,a,CZ,5
q03,b,CZ,5
q03,c,CZ,2
q03,d,CZ,2
q03,e,CZ,-2
q04,a,CZ,2
q04,b,CZ,2
q04,c,CZ,0
q04,d,CZ,3
q04,e,CZ,3
q04,f,CZ,-1
q05,a,CZ,-1
q05,b,CZ,5
q05,c,CZ,3
q05,d,CZ,1
q05,e,CZ,0
q05,f,CZ,-3
q06,a,CZ,1
q06,b,CZ,3
q06,c,CZ,3
q06,d,CZ,1
q07,a,CZ,0
q07,b,CZ,0
q07,c,CZ,-2
q07,d,CZ,1
q07,e,CZ,1
q07,f,CZ,0
q08,a,CZ,-2
q08,b,CZ,2
q08,c,CZ,2
q08,d,CZ,4
q08,e,CZ,-1
q09,a,CZ,1
q09,b,CZ,1
q09,c,CZ,4
q09,d,CZ,2
q09,e,CZ,4
q10,a,CZ,0
q10,b,CZ,2
q10,c,CZ,4
q10,d,CZ,3
q11,a,CZ,0
q11,b,CZ,2
q11,c,CZ,1
q11,d,CZ,1
q11,e,CZ,-1
q12,a,CZ,3
q12,b,CZ,1
q12,c,CZ,3
q12,d,CZ,5
q13,a,CZ,2
q13,b,CZ,3
q13,c,CZ,4
q13,d,CZ,1
q14,a,CZ,-2
q14,b,CZ,3
q14,c,CZ,5
q15,a,CZ,5
q15,b,CZ,-3
q01,a,DK,5
q01,b,DK,1
q01,c,DK,0
q01,d,DK,-1
q01,e,DK,-2
q02,a,DK,5
q02,b,DK,3
q02,c,DK,1
q02,d,DK,-1
q03,a,DK,5
q03,b,DK,5
q03,c,DK,1
q03,d,DK,2
q03,e,DK,-2
q04,a,DK,2
q04,b,DK,2
q04,c,DK,0
q04,d,DK,1
q04,e,DK,3
q04,f,DK,-1
q05,a,DK,-1
q05,b,DK,5
q05,c,DK,-2
q05,d,DK,1
q05,e,DK,0
q05,f,DK,-3
q06,a,DK,1
q06,b,DK,2
q06,c,DK,1
q06,d,DK,3
q07,a,DK,0
q07,b,DK,0
q07,c,DK,-2
q07,d,DK,1
q07,e,DK,1
q07,f,DK,0
q08,a,DK,-2
q08,b,DK,1
q08,c,DK,2
q08,d,DK,2
q08,e,DK,-1
q09,a,DK,1
q09,b,DK,1
q09,c,DK,3
q09,d,DK,2
q09,e,DK,5
q10,a,DK,0
q10,b,DK,2
q10,c,DK,4
q10,d,DK,3
q11,a,DK,0
q11,b,DK,2
q11,c,DK,0
q11,d,DK,1
q11,e,DK,2
q12,a,DK,2
q12,b,DK,1
q12,c,DK,3
q12,d,DK,5
q13,a,DK,2
q13,b,DK,3
q13,c,DK,3
q13,d,DK,3
q14,a,DK,-2
q14,b,DK,3
q14,c,DK,4
q15,a,DK,5
q15,b,DK,-3
q01,a,DO,5
q01,b,DO,1
q01,c,DO,0
q01,d,DO,-1
q01,e,DO,-2
q02,a,DO,5
q02,b,DO,3
q02,c,DO,1
q02,d,DO,-1
q03,a,DO,5
q03,b,DO,5
q03,c,DO,1
q03,d,DO,2
q03,e,DO,-2
q04,a,DO,2
q04,b,DO,1
q04,c,DO,0
q04,d,DO,1
q04,e,DO,3
q04,f,DO,-1
q05,a,DO,2
q05,b,DO,2
q05,c,DO,4
q05,d,DO,1
q05,e,DO,2
q05,f,DO,-3
q06,a,DO,1
q06,b,DO,4
q06,c,DO,3
q06,d,DO,1
q07,a,DO,0
q07,b,DO,0
q07,c,DO,-2
q07,d,DO,1
q07,e,DO,1
q07,f,DO,0
q08,a,DO,-2
q08,b,DO,1
q08,c,DO,2
q08,d,DO,3
q08,e,DO,-1
q09,a,DO,1
q09,b,DO,1
q09,c,DO,4
q09,d,DO,2
q09,e,DO,4
q10,a,DO,0
q10,b,DO,2
q10,c,DO,5
q10,d,DO,3
q11,a,DO,0
q11,b,DO,3
q11,c,DO,1
q11,d,DO,1
q11,e,DO,-1
q12,a,DO,2
q12,b,DO,1
q12,c,DO,3
q12,d,DO,5
q13,a,DO,2
q13,b,DO,3
q13,c,DO,5
q13,d,DO,1
q14,a,DO,-2
q14,b,DO,3
q14,c,DO,4
q15,a,DO,5
q15,b,DO,-3
q01,a,FI,5
q01,b,FI,1
q01,c,FI,0
q01,d,FI,-1
q01,e,FI,-2
q02,a,FI,5
q02,b,FI,3
q02,c,FI,1
q02,d,FI,-1
q03,a,FI,5
q03,b,FI,5
q03,c,FI,1
q03,d,FI,2
q03,e,FI,-2
q04,a,FI,2
q04,b,FI,2
q04,c,FI,0
q04,d,FI,1
q04,e,FI,3
q04,f,FI,-1
q05,a,FI,-1
q05,b,FI,3
q05,c,FI,1
q05,d,FI,1
q05,e,FI,0
q05,f,FI,-3
q06,a,FI,1
q06,b,FI,2
q06,c,FI,1
q06,d,FI,3
q07,a,FI,0
q07,b,FI,0
q07,c,FI,-2
q07,d,FI,1
q07,e,FI,1
q07,f,FI,0
q08,a,FI,-2
q08,b,FI,1
q08,c,FI,2
q08,d,FI,2
q08,e,FI,-1
q09,a,FI,1
q09,b,FI,1
q09,c,FI,3
q09,d,FI,2
q09,e,FI,5
q10,a,FI,0
q10,b,FI,2
q10,c,FI,3
q10,d,FI,5
q11,a,FI,0
q11,b,FI,2
q11,c,FI,0
q11,d,FI,1
q11,e,FI,3
q12,a,FI,3
q12,b,FI,1
q12,c,FI,3
q12,d,FI,5
q13,a,FI,2
q13,b,FI,3
q13,c,FI,3
q13,d,FI,2
q14,a,FI,-2
q14,b,FI,3
q14,c,FI,4
q15,a,FI,5
q15,b,FI,-3
q01,a,GR,5
q01,b,GR,1
q01,c,GR,0
q01,d,GR,-1
q01,e,GR,-2
q02,a,GR,5
q02,b,GR,3
q02,c,GR,1
q02,d,GR,-1
q03,a,GR,2
q03,b,GR,2
q03,c,GR,5
q03,d,GR,2
q03,e,GR,-2
q04,a,GR,2
q04,b,GR,3
q04,c,GR,0
q04,d,GR,1
q04,e,GR,3
q04,f,GR,-1
q05,a,GR,-1
q05,b,GR,3
q05,c,GR,2
q05,d,GR,1
q05,e,GR,-2
q05,f,GR,-3
q06,a,GR,1
q06,b,GR,2
q06,c,GR,3
q06,d,GR,3
q07,a,GR,0
q07,b,GR,0
q07,c,GR,-2
q07,d,GR,1
q07,e,GR,1
q07,f,GR,3
q08,a,GR,1
q08,b,GR,1
q08,c,GR,3
q08,d,GR,3
q08,e,GR,-1
q09,a,GR,1
q09,b,GR,1
q09,c,GR,5
q09,d,GR,2
q09,e,GR,5
q10,a,GR,0
q10,b,GR,3
q10,c,GR,5
q10,d,GR,3
q11,a,GR,0
q11,b,GR,0
q11,c,GR,-1
q11,d,GR,3
q11,e,GR,-1
q12,a,GR,2
q12,b,GR,1
q12,c,GR,3
q12,d,GR,5
q13,a,GR,4
q13,b,GR,3
q13,c,GR,4
q13,d,GR,1
q14,a,GR,-2
q14,b,GR,4
q14,c,GR,4
q15,a,GR,5
q15,b,GR,-3
q01,a,HU,4
q01,b,HU,1
q01,c,HU,0
q01,d,HU,-1
q01,e,HU,-2
q02,a,HU,5
q02,b,HU,3
q02,c,HU,1
q02,d,HU,-1
q03,a,HU,5
q03,b,HU,3
q03,c,HU,2
q03,d,HU,2
q03,e,HU,-2
q04,a,HU,2
q04,b,HU,2
q04,c,HU,0
q04,d,HU,3
q04,e,HU,3
q04,f,HU,-1
q05,a,HU,-1
q05,b,HU,4
q05,c,HU,5
q05,d,HU,1
q05,e,HU,0
q05,f,HU,-3
q06,a,HU,1
q06,b,HU,3
q06,c,HU,3
q06,d,HU,1
q07,a,HU,0
q07,b,HU,0
q07,c,HU,-2
q07,d,HU,1
q07,e,HU,1
q07,f,HU,0
q08,a,HU,-2
q08,b,HU,2
q08,c,HU,2
q08,d,HU,5
q08,e,HU,-1
q09,a,HU,1
q09,b,HU,3
q09,c,HU,4
q09,d,HU,2
q09,e,HU,4
q10,a,HU,0
q10,b,HU,2
q10,c,HU,4
q10,d,HU,3
q11,a,HU,0
q11,b,HU,4
q11,c,HU,1
q11,d,HU,1
q11,e,HU,-1
q12,a,HU,3
q12,b,HU,1
q12,c,HU,3
q12,d,HU,5
q13,a,HU,2
q13,b,HU,3
q13,c,HU,4
q13,d,HU,1
q14,a,HU,-2
q14,b,HU,3
q14,c,HU,5
q15,a,HU,5
q15,b,HU,-3
q01,a,IS,5
q01,b,IS,1
q01,c,IS,0
q01,d,IS,-1
q01,e,IS,-2
q02,a,IS,5
q02,b,IS,3
q02,c,IS,1
q02,d,IS,-1
q03,a,IS,5
q03,b,IS,5
q03,c,IS,1
q03,d,IS,2
q03,e,IS,-2
q04,a,IS,2
q04,b,IS,2
q04,c,IS,0
q04,d,IS,1
q04,e,IS,3
q04,f,IS,-1
q05,a,IS,-1
q05,b,IS,5
q05,c,IS,-1
q05,d,IS,1
q05,e,IS,0
q05,f,IS,-3
q06,a,IS,1
q06,b,IS,3
q06,c,IS,1
q06,d,IS,3
q07,a,IS,2
q07,b,IS,0
q07,c,IS,-2
q07,d,IS,1
q07,e,IS,1
q07,f,IS,0
q08,a,IS,-2
q08,b,IS,1
q08,c,IS,2
q08,d,IS,2
q08,e,IS,-1
q09,a,IS,1
q09,b,IS,1
q09,c,IS,3
q09,d,IS,2
q09,e,IS,5
q10,a,IS,0
q10,b,IS,2
q10,c,IS,3
q10,d,IS,3
q11,a,IS,2
q11,b,IS,2
q11,c,IS,0
q11,d,IS,1
q11,e,IS,2
q12,a,IS,3
q12,b,IS,1
q12,c,IS,3
q12,d,IS,5
q13,a,IS,2
q13,b,IS,3
q13,c,IS,3
q13,d,IS,2
q14,a,IS,-2
q14,b,IS,3
q14,c,IS,4
q15,a,IS,5
q15,b,IS,-3
q01,a,IQ,4
q01,b,IQ,-1
q01,c,IQ,0
q01,d,IQ,-1
q01,e,IQ,-2
q02,a,IQ,5
q02,b,IQ,3
q02,c,IQ,1
q02,d,IQ,-1
q03,a,IQ,5
q03,b,IQ,3
q03,c,IQ,3
q03,d,IQ,2
q03,e,IQ,-2
q04,a,IQ,2
q04,b,IQ,3
q04,c,IQ,0
q04,d,IQ,3
q04,e,IQ,2
q04,f,IQ,-1
q05,a,IQ,-1
q05,b,IQ,3
q05,c,IQ,3
q05,d,IQ,3
q05,e,IQ,0
q05,f,IQ,-3
q06,a,IQ,1
q06,b,IQ,3
q06,c,IQ,5
q06,d,IQ,1
q07,a,IQ,0
q07,b,IQ,2
q07,c,IQ,-2
q07,d,IQ,2
q07,e,IQ,1
q07,f,IQ,0
q08,a,IQ,-2
q08,b,IQ,2
q08,c,IQ,5
q08,d,IQ,4
q08,e,IQ,-1
q09,a,IQ,1
q09,b,IQ,1
q09,c,IQ,4
q09,d,IQ,2
q09,e,IQ,5
q10,a,IQ,0
q10,b,IQ,2
q10,c,IQ,3
q10,d,IQ,3
q11,a,IQ,2
q11,b,IQ,0
q11,c,IQ,0
q11,d,IQ,1
q11,e,IQ,-1
q12,a,IQ,3
q12,b,IQ,1
q12,c,IQ,3
q12,d,IQ,5
q13,a,IQ,2
q13,b,IQ,3
q13,c,IQ,4
q13,d,IQ,1
q14,a,IQ,-2
q14,b,IQ,3
q14,c,IQ,5
q15,a,IQ,5
q15,b,IQ,-3
